epoch,cat_loss,urg_loss,val_cat_acc,val_urg_acc
1,0.3090548018669396,0.9841149942537325,1.0,0.5234375
2,0.017791115658242353,0.6671880369560909,1.0,0.7265625
3,0.00963690349486022,0.3613401215226777,1.0,0.78125
4,0.007148745562469141,0.13923917595396,1.0,0.8203125
5,0.0061628232788360484,0.06217700940251878,1.0,0.84375
